000400.SZ,许继电气,电气设备
000625.SZ,长安汽车,汽车整车
000848.SZ,承德露露,软饮料
000858.SZ,五粮液,白酒
000880.SZ,潍柴重机,专用机械
001323.SZ,慕思股份,家居用品
002130.SZ,沃尔核材,电气设备
002140.SZ,东华科技,建筑工程
002158.SZ,汉钟精机,工程机械
002304.SZ,洋河股份,白酒
002334.SZ,英威腾,电气设备
002372.SZ,伟星新材,其他建材
002384.SZ,东山精密,元器件
002422.SZ,科伦药业,化学制药
002540.SZ,亚太科技,铝
002728.SZ,特一药业,中成药
002738.SZ,中矿资源,小金属
002752.SZ,昇兴股份,广告包装
002832.SZ,比音勒芬,服饰
300014.SZ,亿纬锂能,电气设备
300073.SZ,当升科技,电气设备
300138.SZ,晨光生物,食品
300217.SZ,东方电热,家用电器
300316.SZ,晶盛机电,专用机械
300360.SZ,炬华科技,电器仪表
300435.SZ,中泰股份,供气供热
300724.SZ,捷佳伟创,专用机械
300750.SZ,宁德时代,电气设备
300765.SZ,新诺威,食品
300775.SZ,三角防务,航空
301004.SZ,嘉益股份,家居用品
301109.SZ,军信股份,环境保护
600007.SH,中国国贸,园区开发
600233.SH,圆通速递,仓储物流
600283.SH,钱江水利,水务
600285.SH,羚锐制药,中成药
600325.SH,华发股份,区域地产
600480.SH,凌云股份,汽车配件
600489.SH,中金黄金,黄金
600557.SH,康缘药业,中成药
600566.SH,济川药业,中成药
600582.SH,天地科技,工程机械
600664.SH,哈药股份,化学制药
600887.SH,伊利股份,乳制品
601012.SH,隆基绿能,电气设备
601019.SH,山东出版,出版业
601128.SH,常熟银行,银行
601298.SH,青岛港,港口
601326.SH,秦港股份,港口
601702.SH,华峰铝业,铝
601811.SH,新华文轩,出版业
603093.SH,南华期货,多元金融
603129.SH,春风动力,摩托车
603298.SH,杭叉集团,专用机械
603338.SH,浙江鼎力,专用机械
603355.SH,莱克电气,家用电器
603393.SH,新天然气,供气供热
603613.SH,国联股份,互联网
603676.SH,卫信康,化学制药
603693.SH,江苏新能,新型电力
605117.SH,德业股份,电气设备
605167.SH,利柏特,建筑工程
605259.SH,绿田机械,农用机械
688390.SH,固德威,电气设备
688599.SH,天合光能,电气设备
688697.SH,纽威数控,机床制造
832662.BJ,方盛股份,机械基件
836270.BJ,天铭科技,汽车配件
836892.BJ,广咨国际,建筑工程
